Image_URL,JSON_File,Actual_Weight,Day/Date,Type,Number,relative_path,image_path,pixel_area
F:\WeightPrediction\ImageJPG\IMG_0291.jpg,,165,23/01/2025,evaluation,,IMG_0291.jpg,/content/drive/MyDrive/Chicken1024/evaluation/IMG_0291.jpg,18699
F:\WeightPrediction\ImageJPG\IMG_0292.jpg,,165,,evaluation,,IMG_0292.jpg,/content/drive/MyDrive/Chicken1024/evaluation/IMG_0292.jpg,17442
F:\WeightPrediction\ImageJPG\IMG_0293.jpg,,165,,evaluation,,IMG_0293.jpg,/content/drive/MyDrive/Chicken1024/evaluation/IMG_0293.jpg,16961
F:\WeightPrediction\ImageJPG\IMG_0294.jpg,,165,,evaluation,,IMG_0294.jpg,/content/drive/MyDrive/Chicken1024/evaluation/IMG_0294.jpg,17892
F:\WeightPrediction\ImageJPG\IMG_0295.jpg,,165,,evaluation,,IMG_0295.jpg,/content/drive/MyDrive/Chicken1024/evaluation/IMG_0295.jpg,18720
F:\WeightPrediction\ImageJPG\IMG_0296.jpg,,165,,evaluation,,IMG_0296.jpg,/content/drive/MyDrive/Chicken1024/evaluation/IMG_0296.jpg,18798
F:\WeightPrediction\ImageJPG\IMG_0297.jpg,,165,,evaluation,,IMG_0297.jpg,/content/drive/MyDrive/Chicken1024/evaluation/IMG_0297.jpg,18712
F:\WeightPrediction\ImageJPG\IMG_0327.jpg,,175,,evaluation,,IMG_0327.jpg,/content/drive/MyDrive/Chicken1024/evaluation/IMG_0327.jpg,19972
F:\WeightPrediction\ImageJPG\IMG_0328.jpg,,175,,evaluation,,IMG_0328.jpg,/content/drive/MyDrive/Chicken1024/evaluation/IMG_0328.jpg,19671
F:\WeightPrediction\ImageJPG\IMG_0329.jpg,,175,,evaluation,,IMG_0329.jpg,/content/drive/MyDrive/Chicken1024/evaluation/IMG_0329.jpg,19708
F:\WeightPrediction\ImageJPG\IMG_0330.jpg,,175,,evaluation,,IMG_0330.jpg,/content/drive/MyDrive/Chicken1024/evaluation/IMG_0330.jpg,19688
F:\WeightPrediction\ImagesCropped\IMG_0359.jpg,,155,,evaluation,18.0,IMG_0359.jpg,/content/drive/MyDrive/Chicken1024/evaluation/IMG_0359.jpg,20815
F:\WeightPrediction\ImagesCropped\IMG_0360.jpg,,155,,evaluation,18.0,IMG_0360.jpg,/content/drive/MyDrive/Chicken1024/evaluation/IMG_0360.jpg,20636
F:\WeightPrediction\ImagesCropped\IMG_0361.jpg,,155,,evaluation,18.0,IMG_0361.jpg,/content/drive/MyDrive/Chicken1024/evaluation/IMG_0361.jpg,20603
F:\WeightPrediction\ImagesCropped\IMG_0362.jpg,,155,,evaluation,18.0,IMG_0362.jpg,/content/drive/MyDrive/Chicken1024/evaluation/IMG_0362.jpg,20506
F:\WeightPrediction\ImagesCropped\IMG_0363.jpg,,180,,evaluation,19.0,IMG_0363.jpg,/content/drive/MyDrive/Chicken1024/evaluation/IMG_0363.jpg,22230
F:\WeightPrediction\ImagesCropped\IMG_0364.jpg,,180,,evaluation,19.0,IMG_0364.jpg,/content/drive/MyDrive/Chicken1024/evaluation/IMG_0364.jpg,23309
F:\WeightPrediction\ImagesCropped\IMG_0365.jpg,,180,,evaluation,20.0,IMG_0365.jpg,/content/drive/MyDrive/Chicken1024/evaluation/IMG_0365.jpg,22845
F:\WeightPrediction\ImagesCropped\IMG_0366.jpg,,180,,evaluation,20.0,IMG_0366.jpg,/content/drive/MyDrive/Chicken1024/evaluation/IMG_0366.jpg,23150
F:\WeightPrediction\ImagesCropped\IMG_0370.jpg,,175,,evaluation,20.0,IMG_0370.jpg,/content/drive/MyDrive/Chicken1024/evaluation/IMG_0370.jpg,20922
F:\WeightPrediction\ImagesCropped\IMG_0396.jpg,,215,24/01/2025,evaluation,3.0,IMG_0396.jpg,/content/drive/MyDrive/Chicken1024/evaluation/IMG_0396.jpg,24894
F:\WeightPrediction\ImagesCropped\IMG_0397.jpg,,215,24/01/2025,evaluation,3.0,IMG_0397.jpg,/content/drive/MyDrive/Chicken1024/evaluation/IMG_0397.jpg,24899
F:\WeightPrediction\ImagesCropped\IMG_0398.jpg,,215,24/01/2025,evaluation,3.0,IMG_0398.jpg,/content/drive/MyDrive/Chicken1024/evaluation/IMG_0398.jpg,24982
F:\WeightPrediction\ImagesCropped\IMG_0399.jpg,,215,24/01/2025,evaluation,3.0,IMG_0399.jpg,/content/drive/MyDrive/Chicken1024/evaluation/IMG_0399.jpg,24869
F:\WeightPrediction\ImagesCropped\IMG_0420.jpg,,185,24/01/2025,evaluation,9.0,IMG_0420.jpg,/content/drive/MyDrive/Chicken1024/evaluation/IMG_0420.jpg,21926
F:\WeightPrediction\ImagesCropped\IMG_0421.jpg,,185,24/01/2025,evaluation,9.0,IMG_0421.jpg,/content/drive/MyDrive/Chicken1024/evaluation/IMG_0421.jpg,22151
F:\WeightPrediction\ImagesCropped\IMG_0422.jpg,,185,24/01/2025,evaluation,9.0,IMG_0422.jpg,/content/drive/MyDrive/Chicken1024/evaluation/IMG_0422.jpg,22339
F:\WeightPrediction\ImagesCropped\IMG_0423.jpg,,185,24/01/2025,evaluation,9.0,IMG_0423.jpg,/content/drive/MyDrive/Chicken1024/evaluation/IMG_0423.jpg,22365
F:\WeightPrediction\ImagesCropped\IMG_0424.jpg,,230,24/01/2025,evaluation,10.0,IMG_0424.jpg,/content/drive/MyDrive/Chicken1024/evaluation/IMG_0424.jpg,26143
F:\WeightPrediction\ImagesCropped\IMG_0425.jpg,,230,24/01/2025,evaluation,10.0,IMG_0425.jpg,/content/drive/MyDrive/Chicken1024/evaluation/IMG_0425.jpg,25727
F:\WeightPrediction\ImagesCropped\IMG_0426.jpg,,230,24/01/2025,evaluation,10.0,IMG_0426.jpg,/content/drive/MyDrive/Chicken1024/evaluation/IMG_0426.jpg,25340
F:\WeightPrediction\ImagesCropped\IMG_0427.jpg,,230,24/01/2025,evaluation,10.0,IMG_0427.jpg,/content/drive/MyDrive/Chicken1024/evaluation/IMG_0427.jpg,24732
F:\WeightPrediction\ImagesCropped\IMG_0456.jpg,,215,24/01/2025,evaluation,18.0,IMG_0456.jpg,/content/drive/MyDrive/Chicken1024/evaluation/IMG_0456.jpg,25481
F:\WeightPrediction\ImagesCropped\IMG_0457.jpg,,215,24/01/2025,evaluation,18.0,IMG_0457.jpg,/content/drive/MyDrive/Chicken1024/evaluation/IMG_0457.jpg,25627
F:\WeightPrediction\ImagesCropped\IMG_0458.jpg,,215,24/01/2025,evaluation,18.0,IMG_0458.jpg,/content/drive/MyDrive/Chicken1024/evaluation/IMG_0458.jpg,25706
F:\WeightPrediction\ImagesCropped\IMG_0459.jpg,,215,24/01/2025,evaluation,18.0,IMG_0459.jpg,/content/drive/MyDrive/Chicken1024/evaluation/IMG_0459.jpg,26090
F:\WeightPrediction\ImagesCropped\IMG_0460.jpg,,190,24/01/2025,evaluation,19.0,IMG_0460.jpg,/content/drive/MyDrive/Chicken1024/evaluation/IMG_0460.jpg,22437
F:\WeightPrediction\ImagesCropped\IMG_0461.jpg,,190,24/01/2025,evaluation,19.0,IMG_0461.jpg,/content/drive/MyDrive/Chicken1024/evaluation/IMG_0461.jpg,22141
F:\WeightPrediction\ImagesCropped\IMG_0462.jpg,,190,24/01/2025,evaluation,19.0,IMG_0462.jpg,/content/drive/MyDrive/Chicken1024/evaluation/IMG_0462.jpg,19854
F:\WeightPrediction\ImagesCropped\IMG_0463.jpg,,190,24/01/2025,evaluation,19.0,IMG_0463.jpg,/content/drive/MyDrive/Chicken1024/evaluation/IMG_0463.jpg,20602
F:\WeightPrediction\Images\evaluation\IMG_0521.jpg,,250,25/01/2025,evaluation,8.0,IMG_0521.jpg,/content/drive/MyDrive/Chicken1024/evaluation/IMG_0521.jpg,27123
F:\WeightPrediction\Images\evaluation\IMG_0522.jpg,,250,25/01/2025,evaluation,8.0,IMG_0522.jpg,/content/drive/MyDrive/Chicken1024/evaluation/IMG_0522.jpg,26298
F:\WeightPrediction\Images\evaluation\IMG_0523.jpg,,250,25/01/2025,evaluation,8.0,IMG_0523.jpg,/content/drive/MyDrive/Chicken1024/evaluation/IMG_0523.jpg,26657
F:\WeightPrediction\Images\evaluation\IMG_0524.jpg,,250,25/01/2025,evaluation,8.0,IMG_0524.jpg,/content/drive/MyDrive/Chicken1024/evaluation/IMG_0524.jpg,24991
F:\WeightPrediction\Images\evaluation\IMG_0533.jpg,,265,25/01/2025,evaluation,11.0,IMG_0533.jpg,/content/drive/MyDrive/Chicken1024/evaluation/IMG_0533.jpg,27291
F:\WeightPrediction\Images\evaluation\IMG_0534.jpg,,265,25/01/2025,evaluation,11.0,IMG_0534.jpg,/content/drive/MyDrive/Chicken1024/evaluation/IMG_0534.jpg,26875
F:\WeightPrediction\Images\evaluation\IMG_0535.jpg,,265,25/01/2025,evaluation,11.0,IMG_0535.jpg,/content/drive/MyDrive/Chicken1024/evaluation/IMG_0535.jpg,27186
F:\WeightPrediction\Images\evaluation\IMG_0536.jpg,,265,25/01/2025,evaluation,11.0,IMG_0536.jpg,/content/drive/MyDrive/Chicken1024/evaluation/IMG_0536.jpg,27652
F:\WeightPrediction\Images\evaluation\IMG_0561.jpg,,260,,evaluation,18.0,IMG_0561.jpg,/content/drive/MyDrive/Chicken1024/evaluation/IMG_0561.jpg,23489
F:\WeightPrediction\Images\evaluation\IMG_0562.jpg,,260,,evaluation,18.0,IMG_0562.jpg,/content/drive/MyDrive/Chicken1024/evaluation/IMG_0562.jpg,23555
F:\WeightPrediction\Images\evaluation\IMG_0563.jpg,,260,,evaluation,18.0,IMG_0563.jpg,/content/drive/MyDrive/Chicken1024/evaluation/IMG_0563.jpg,23552
F:\WeightPrediction\Images\evaluation\IMG_0564.jpg,,260,,evaluation,18.0,IMG_0564.jpg,/content/drive/MyDrive/Chicken1024/evaluation/IMG_0564.jpg,23751
F:\WeightPrediction\Images\evaluation\IMG_0565.jpg,,275,,evaluation,19.0,IMG_0565.jpg,/content/drive/MyDrive/Chicken1024/evaluation/IMG_0565.jpg,25776
F:\WeightPrediction\Images\evaluation\IMG_0566.jpg,,275,,evaluation,19.0,IMG_0566.jpg,/content/drive/MyDrive/Chicken1024/evaluation/IMG_0566.jpg,25784
F:\WeightPrediction\Images\evaluation\IMG_0567.jpg,,275,,evaluation,19.0,IMG_0567.jpg,/content/drive/MyDrive/Chicken1024/evaluation/IMG_0567.jpg,27483
F:\WeightPrediction\Images\evaluation\IMG_0568.jpg,,275,,evaluation,19.0,IMG_0568.jpg,/content/drive/MyDrive/Chicken1024/evaluation/IMG_0568.jpg,26160
F:\WeightPrediction\Images\evaluation\IMG_0759.jpg,,310,27/01/2025,evaluation,12.0,IMG_0759.jpg,/content/drive/MyDrive/Chicken1024/evaluation/IMG_0759.jpg,31947
F:\WeightPrediction\Images\evaluation\IMG_0760.jpg,,310,27/01/2025,evaluation,12.0,IMG_0760.jpg,/content/drive/MyDrive/Chicken1024/evaluation/IMG_0760.jpg,32330
F:\WeightPrediction\Images\evaluation\IMG_0761.jpg,,310,27/01/2025,evaluation,12.0,IMG_0761.jpg,/content/drive/MyDrive/Chicken1024/evaluation/IMG_0761.jpg,32028
F:\WeightPrediction\Images\evaluation\IMG_0762.jpg,,310,27/01/2025,evaluation,12.0,IMG_0762.jpg,/content/drive/MyDrive/Chicken1024/evaluation/IMG_0762.jpg,32202
F:\WeightPrediction\Images\evaluation\IMG_0772.jpg,,340,27/01/2025,evaluation,15.0,IMG_0772.jpg,/content/drive/MyDrive/Chicken1024/evaluation/IMG_0772.jpg,30140
F:\WeightPrediction\Images\evaluation\IMG_0773.jpg,,340,27/01/2025,evaluation,15.0,IMG_0773.jpg,/content/drive/MyDrive/Chicken1024/evaluation/IMG_0773.jpg,29709
F:\WeightPrediction\Images\evaluation\IMG_0774.jpg,,340,27/01/2025,evaluation,15.0,IMG_0774.jpg,/content/drive/MyDrive/Chicken1024/evaluation/IMG_0774.jpg,29489
F:\WeightPrediction\Images\evaluation\IMG_0779.jpg,,335,27/01/2025,evaluation,17.0,IMG_0779.jpg,/content/drive/MyDrive/Chicken1024/evaluation/IMG_0779.jpg,31070
F:\WeightPrediction\Images\evaluation\IMG_0780.jpg,,335,27/01/2025,evaluation,17.0,IMG_0780.jpg,/content/drive/MyDrive/Chicken1024/evaluation/IMG_0780.jpg,28948
F:\WeightPrediction\Images\evaluation\IMG_0781.jpg,,335,27/01/2025,evaluation,17.0,IMG_0781.jpg,/content/drive/MyDrive/Chicken1024/evaluation/IMG_0781.jpg,30679
F:\WeightPrediction\Images\evaluation\IMG_0782.jpg,,335,27/01/2025,evaluation,17.0,IMG_0782.jpg,/content/drive/MyDrive/Chicken1024/evaluation/IMG_0782.jpg,30757
F:\WeightPrediction\Images\evaluation\IMG_0878.jpg,,410,28/01/2025,evaluation,8.0,IMG_0878.jpg,/content/drive/MyDrive/Chicken1024/evaluation/IMG_0878.jpg,36952
F:\WeightPrediction\Images\evaluation\IMG_0879.jpg,,410,28/01/2025,evaluation,8.0,IMG_0879.jpg,/content/drive/MyDrive/Chicken1024/evaluation/IMG_0879.jpg,34778
F:\WeightPrediction\Images\evaluation\IMG_0880.jpg,,410,28/01/2025,evaluation,8.0,IMG_0880.jpg,/content/drive/MyDrive/Chicken1024/evaluation/IMG_0880.jpg,34606
F:\WeightPrediction\Images\evaluation\IMG_0881.jpg,,410,28/01/2025,evaluation,8.0,IMG_0881.jpg,/content/drive/MyDrive/Chicken1024/evaluation/IMG_0881.jpg,34573
F:\WeightPrediction\Images\evaluation\IMG_0922.jpg,,395,28/01/2025,evaluation,19.0,IMG_0922.jpg,/content/drive/MyDrive/Chicken1024/evaluation/IMG_0922.jpg,37257
F:\WeightPrediction\Images\evaluation\IMG_0923.jpg,,395,28/01/2025,evaluation,19.0,IMG_0923.jpg,/content/drive/MyDrive/Chicken1024/evaluation/IMG_0923.jpg,36855
F:\WeightPrediction\Images\evaluation\IMG_0924.jpg,,395,28/01/2025,evaluation,19.0,IMG_0924.jpg,/content/drive/MyDrive/Chicken1024/evaluation/IMG_0924.jpg,37239
F:\WeightPrediction\Images\evaluation\IMG_0925.jpg,,395,28/01/2025,evaluation,19.0,IMG_0925.jpg,/content/drive/MyDrive/Chicken1024/evaluation/IMG_0925.jpg,36616
F:\WeightPrediction\Images\evaluation\IMG_1005.jpg,,470,29/01/2025,evaluation,3.0,IMG_1005.jpg,/content/drive/MyDrive/Chicken1024/evaluation/IMG_1005.jpg,35723
F:\WeightPrediction\Images\evaluation\IMG_1006.jpg,,470,29/01/2025,evaluation,3.0,IMG_1006.jpg,/content/drive/MyDrive/Chicken1024/evaluation/IMG_1006.jpg,35574
F:\WeightPrediction\Images\evaluation\IMG_1007.jpg,,470,29/01/2025,evaluation,3.0,IMG_1007.jpg,/content/drive/MyDrive/Chicken1024/evaluation/IMG_1007.jpg,35448
F:\WeightPrediction\Images\evaluation\IMG_1008.jpg,,470,29/01/2025,evaluation,3.0,IMG_1008.jpg,/content/drive/MyDrive/Chicken1024/evaluation/IMG_1008.jpg,36193
F:\WeightPrediction\Images\evaluation\IMG_1017.jpg,,455,29/01/2025,evaluation,6.0,IMG_1017.jpg,/content/drive/MyDrive/Chicken1024/evaluation/IMG_1017.jpg,39317
F:\WeightPrediction\Images\evaluation\IMG_1018.jpg,,455,29/01/2025,evaluation,6.0,IMG_1018.jpg,/content/drive/MyDrive/Chicken1024/evaluation/IMG_1018.jpg,39405
F:\WeightPrediction\Images\evaluation\IMG_1019.jpg,,455,29/01/2025,evaluation,6.0,IMG_1019.jpg,/content/drive/MyDrive/Chicken1024/evaluation/IMG_1019.jpg,39524
F:\WeightPrediction\Images\evaluation\IMG_1020.jpg,,455,29/01/2025,evaluation,6.0,IMG_1020.jpg,/content/drive/MyDrive/Chicken1024/evaluation/IMG_1020.jpg,39862
F:\WeightPrediction\Images\evaluation\IMG_1061.jpg,,505,29/01/2025,evaluation,17.0,IMG_1061.jpg,/content/drive/MyDrive/Chicken1024/evaluation/IMG_1061.jpg,34876
F:\WeightPrediction\Images\evaluation\IMG_1062.jpg,,505,29/01/2025,evaluation,17.0,IMG_1062.jpg,/content/drive/MyDrive/Chicken1024/evaluation/IMG_1062.jpg,34515
F:\WeightPrediction\Images\evaluation\IMG_1063.jpg,,505,29/01/2025,evaluation,17.0,IMG_1063.jpg,/content/drive/MyDrive/Chicken1024/evaluation/IMG_1063.jpg,34687
F:\WeightPrediction\Images\evaluation\IMG_1064.jpg,,505,29/01/2025,evaluation,17.0,IMG_1064.jpg,/content/drive/MyDrive/Chicken1024/evaluation/IMG_1064.jpg,34940
F:\WeightPrediction\Images\evaluation\IMG_1065.jpg,,425,29/01/2025,evaluation,18.0,IMG_1065.jpg,/content/drive/MyDrive/Chicken1024/evaluation/IMG_1065.jpg,41914
F:\WeightPrediction\Images\evaluation\IMG_1066.jpg,,425,29/01/2025,evaluation,18.0,IMG_1066.jpg,/content/drive/MyDrive/Chicken1024/evaluation/IMG_1066.jpg,36461
F:\WeightPrediction\Images\evaluation\IMG_1067.jpg,,425,29/01/2025,evaluation,18.0,IMG_1067.jpg,/content/drive/MyDrive/Chicken1024/evaluation/IMG_1067.jpg,37426
F:\WeightPrediction\Images\evaluation\IMG_1068.jpg,,425,29/01/2025,evaluation,18.0,IMG_1068.jpg,/content/drive/MyDrive/Chicken1024/evaluation/IMG_1068.jpg,40121
F:\WeightPrediction\Images\evaluation\IMG_1072.jpg,,440,29/01/2025,evaluation,19.0,IMG_1072.jpg,/content/drive/MyDrive/Chicken1024/evaluation/IMG_1072.jpg,39984
F:\WeightPrediction\Images\evaluation\IMG_1069.jpg,,440,29/01/2025,evaluation,19.0,IMG_1069.jpg,/content/drive/MyDrive/Chicken1024/evaluation/IMG_1069.jpg,40284
F:\WeightPrediction\Images\evaluation\IMG_1070.jpg,,440,29/01/2025,evaluation,19.0,IMG_1070.jpg,/content/drive/MyDrive/Chicken1024/evaluation/IMG_1070.jpg,40026
F:\WeightPrediction\Images\evaluation\IMG_1071.jpg,,440,29/01/2025,evaluation,19.0,IMG_1071.jpg,/content/drive/MyDrive/Chicken1024/evaluation/IMG_1071.jpg,40649
F:\WeightPrediction\Images\evaluation\IMG_1254.jpg,,590,31/01/2025,evaluation,3.0,IMG_1254.jpg,/content/drive/MyDrive/Chicken1024/evaluation/IMG_1254.jpg,42897
F:\WeightPrediction\Images\evaluation\IMG_1255.jpg,,590,31/01/2025,evaluation,3.0,IMG_1255.jpg,/content/drive/MyDrive/Chicken1024/evaluation/IMG_1255.jpg,43451
F:\WeightPrediction\Images\evaluation\IMG_1256.jpg,,590,31/01/2025,evaluation,3.0,IMG_1256.jpg,/content/drive/MyDrive/Chicken1024/evaluation/IMG_1256.jpg,43482
F:\WeightPrediction\Images\evaluation\IMG_1257.jpg,,590,31/01/2025,evaluation,3.0,IMG_1257.jpg,/content/drive/MyDrive/Chicken1024/evaluation/IMG_1257.jpg,45191
F:\WeightPrediction\Images\evaluation\IMG_1302.jpg,,535,31/01/2025,evaluation,15.0,IMG_1302.jpg,/content/drive/MyDrive/Chicken1024/evaluation/IMG_1302.jpg,41280
F:\WeightPrediction\Images\evaluation\IMG_1303.jpg,,535,31/01/2025,evaluation,15.0,IMG_1303.jpg,/content/drive/MyDrive/Chicken1024/evaluation/IMG_1303.jpg,40149
F:\WeightPrediction\Images\evaluation\IMG_1304.jpg,,535,31/01/2025,evaluation,15.0,IMG_1304.jpg,/content/drive/MyDrive/Chicken1024/evaluation/IMG_1304.jpg,41271
F:\WeightPrediction\Images\evaluation\IMG_1305.jpg,,535,31/01/2025,evaluation,15.0,IMG_1305.jpg,/content/drive/MyDrive/Chicken1024/evaluation/IMG_1305.jpg,40406
F:\WeightPrediction\Images\evaluation\IMG_1310.jpg,,635,31/01/2025,evaluation,17.0,IMG_1310.jpg,/content/drive/MyDrive/Chicken1024/evaluation/IMG_1310.jpg,48220
F:\WeightPrediction\Images\evaluation\IMG_1311.jpg,,635,31/01/2025,evaluation,17.0,IMG_1311.jpg,/content/drive/MyDrive/Chicken1024/evaluation/IMG_1311.jpg,47852
F:\WeightPrediction\Images\evaluation\IMG_1312.jpg,,635,31/01/2025,evaluation,17.0,IMG_1312.jpg,/content/drive/MyDrive/Chicken1024/evaluation/IMG_1312.jpg,47908
F:\WeightPrediction\Images\evaluation\IMG_1313.jpg,,635,31/01/2025,evaluation,17.0,IMG_1313.jpg,/content/drive/MyDrive/Chicken1024/evaluation/IMG_1313.jpg,48116
F:\WeightPrediction\Images\evaluation\IMG_1314.jpg,,615,31/01/2025,evaluation,18.0,IMG_1314.jpg,/content/drive/MyDrive/Chicken1024/evaluation/IMG_1314.jpg,44284
F:\WeightPrediction\Images\evaluation\IMG_1315.jpg,,615,31/01/2025,evaluation,18.0,IMG_1315.jpg,/content/drive/MyDrive/Chicken1024/evaluation/IMG_1315.jpg,44376
F:\WeightPrediction\Images\evaluation\IMG_1316.jpg,,615,31/01/2025,evaluation,18.0,IMG_1316.jpg,/content/drive/MyDrive/Chicken1024/evaluation/IMG_1316.jpg,44170
F:\WeightPrediction\Images\evaluation\IMG_1317.jpg,,615,31/01/2025,evaluation,18.0,IMG_1317.jpg,/content/drive/MyDrive/Chicken1024/evaluation/IMG_1317.jpg,43865
F:\WeightPrediction\Images\evaluation\IMG_1350.jpg,,550,01/02/2025,evaluation,7.0,IMG_1350.jpg,/content/drive/MyDrive/Chicken1024/evaluation/IMG_1350.jpg,44236
F:\WeightPrediction\Images\evaluation\IMG_1351.jpg,,550,01/02/2025,evaluation,7.0,IMG_1351.jpg,/content/drive/MyDrive/Chicken1024/evaluation/IMG_1351.jpg,44269
F:\WeightPrediction\Images\evaluation\IMG_1352.jpg,,550,01/02/2025,evaluation,7.0,IMG_1352.jpg,/content/drive/MyDrive/Chicken1024/evaluation/IMG_1352.jpg,43005
F:\WeightPrediction\Images\evaluation\IMG_1353.jpg,,550,01/02/2025,evaluation,7.0,IMG_1353.jpg,/content/drive/MyDrive/Chicken1024/evaluation/IMG_1353.jpg,43238
F:\WeightPrediction\Images\evaluation\IMG_1364.jpg,,585,01/02/2025,evaluation,10.0,IMG_1364.jpg,/content/drive/MyDrive/Chicken1024/evaluation/IMG_1364.jpg,42570
F:\WeightPrediction\Images\evaluation\IMG_1365.jpg,,585,01/02/2025,evaluation,10.0,IMG_1365.jpg,/content/drive/MyDrive/Chicken1024/evaluation/IMG_1365.jpg,42799
F:\WeightPrediction\Images\evaluation\IMG_1362.jpg,,585,01/02/2025,evaluation,10.0,IMG_1362.jpg,/content/drive/MyDrive/Chicken1024/evaluation/IMG_1362.jpg,42414
F:\WeightPrediction\Images\evaluation\IMG_1363.jpg,,585,01/02/2025,evaluation,10.0,IMG_1363.jpg,/content/drive/MyDrive/Chicken1024/evaluation/IMG_1363.jpg,43066
F:\WeightPrediction\Images\evaluation\IMG_1382.jpg,,525,01/02/2025,evaluation,15.0,IMG_1382.jpg,/content/drive/MyDrive/Chicken1024/evaluation/IMG_1382.jpg,40114
F:\WeightPrediction\Images\evaluation\IMG_1383.jpg,,525,01/02/2025,evaluation,15.0,IMG_1383.jpg,/content/drive/MyDrive/Chicken1024/evaluation/IMG_1383.jpg,39774
F:\WeightPrediction\Images\evaluation\IMG_1384.jpg,,525,01/02/2025,evaluation,15.0,IMG_1384.jpg,/content/drive/MyDrive/Chicken1024/evaluation/IMG_1384.jpg,39958
F:\WeightPrediction\Images\evaluation\IMG_1385.jpg,,525,01/02/2025,evaluation,15.0,IMG_1385.jpg,/content/drive/MyDrive/Chicken1024/evaluation/IMG_1385.jpg,40329
F:\WeightPrediction\Images\evaluation\IMG_1390.jpg,,645,01/02/2025,evaluation,17.0,IMG_1390.jpg,/content/drive/MyDrive/Chicken1024/evaluation/IMG_1390.jpg,48294
F:\WeightPrediction\Images\evaluation\IMG_1391.jpg,,645,01/02/2025,evaluation,17.0,IMG_1391.jpg,/content/drive/MyDrive/Chicken1024/evaluation/IMG_1391.jpg,45582
F:\WeightPrediction\Images\evaluation\IMG_1392.jpg,,645,01/02/2025,evaluation,17.0,IMG_1392.jpg,/content/drive/MyDrive/Chicken1024/evaluation/IMG_1392.jpg,44633
F:\WeightPrediction\Images\evaluation\IMG_1393.jpg,,645,01/02/2025,evaluation,17.0,IMG_1393.jpg,/content/drive/MyDrive/Chicken1024/evaluation/IMG_1393.jpg,44700
F:\WeightPrediction\Images\evaluation\IMG_1420.jpg,,670,02/02/2025,evaluation,4.0,IMG_1420.jpg,/content/drive/MyDrive/Chicken1024/evaluation/IMG_1420.jpg,50044
F:\WeightPrediction\Images\evaluation\IMG_1421.jpg,,670,02/02/2025,evaluation,4.0,IMG_1421.jpg,/content/drive/MyDrive/Chicken1024/evaluation/IMG_1421.jpg,50325
F:\WeightPrediction\Images\evaluation\IMG_1418.jpg,,670,02/02/2025,evaluation,4.0,IMG_1418.jpg,/content/drive/MyDrive/Chicken1024/evaluation/IMG_1418.jpg,50308
F:\WeightPrediction\Images\evaluation\IMG_1419.jpg,,670,02/02/2025,evaluation,4.0,IMG_1419.jpg,/content/drive/MyDrive/Chicken1024/evaluation/IMG_1419.jpg,50028
F:\WeightPrediction\Images\evaluation\IMG_1457.jpg,,690,02/02/2025,evaluation,13.0,IMG_1457.jpg,/content/drive/MyDrive/Chicken1024/evaluation/IMG_1457.jpg,51134
F:\WeightPrediction\Images\evaluation\IMG_1454.jpg,,690,02/02/2025,evaluation,13.0,IMG_1454.jpg,/content/drive/MyDrive/Chicken1024/evaluation/IMG_1454.jpg,51168
F:\WeightPrediction\Images\evaluation\IMG_1455.jpg,,690,02/02/2025,evaluation,13.0,IMG_1455.jpg,/content/drive/MyDrive/Chicken1024/evaluation/IMG_1455.jpg,51280
F:\WeightPrediction\Images\evaluation\IMG_1456.jpg,,690,02/02/2025,evaluation,13.0,IMG_1456.jpg,/content/drive/MyDrive/Chicken1024/evaluation/IMG_1456.jpg,51079
F:\WeightPrediction\Images\evaluation\IMG_1475.jpg,,640,02/02/2025,evaluation,18.0,IMG_1475.jpg,/content/drive/MyDrive/Chicken1024/evaluation/IMG_1475.jpg,44769
F:\WeightPrediction\Images\evaluation\IMG_1484.jpg,,725,02/02/2025,evaluation,20.0,IMG_1484.jpg,/content/drive/MyDrive/Chicken1024/evaluation/IMG_1484.jpg,41750
F:\WeightPrediction\Images\evaluation\IMG_1485.jpg,,725,02/02/2025,evaluation,20.0,IMG_1485.jpg,/content/drive/MyDrive/Chicken1024/evaluation/IMG_1485.jpg,41797
F:\WeightPrediction\Images\evaluation\IMG_1482.jpg,,725,02/02/2025,evaluation,20.0,IMG_1482.jpg,/content/drive/MyDrive/Chicken1024/evaluation/IMG_1482.jpg,44754
F:\WeightPrediction\Images\evaluation\IMG_1483.jpg,,725,02/02/2025,evaluation,20.0,IMG_1483.jpg,/content/drive/MyDrive/Chicken1024/evaluation/IMG_1483.jpg,42144
F:\WeightPrediction\Images\evaluation\IMG_1506.jpg,,740,03/02/2025,evaluation,5.0,IMG_1506.jpg,/content/drive/MyDrive/Chicken1024/evaluation/IMG_1506.jpg,48705
F:\WeightPrediction\Images\evaluation\IMG_1507.jpg,,740,03/02/2025,evaluation,5.0,IMG_1507.jpg,/content/drive/MyDrive/Chicken1024/evaluation/IMG_1507.jpg,48296
F:\WeightPrediction\Images\evaluation\IMG_1508.jpg,,740,03/02/2025,evaluation,5.0,IMG_1508.jpg,/content/drive/MyDrive/Chicken1024/evaluation/IMG_1508.jpg,47816
F:\WeightPrediction\Images\evaluation\IMG_1509.jpg,,740,03/02/2025,evaluation,5.0,IMG_1509.jpg,/content/drive/MyDrive/Chicken1024/evaluation/IMG_1509.jpg,49377
F:\WeightPrediction\Images\evaluation\IMG_1528.jpg,,770,03/02/2025,evaluation,10.0,IMG_1528.jpg,/content/drive/MyDrive/Chicken1024/evaluation/IMG_1528.jpg,50380
F:\WeightPrediction\Images\evaluation\IMG_1529.jpg,,770,03/02/2025,evaluation,10.0,IMG_1529.jpg,/content/drive/MyDrive/Chicken1024/evaluation/IMG_1529.jpg,50967
F:\WeightPrediction\Images\evaluation\IMG_1526.jpg,,770,03/02/2025,evaluation,10.0,IMG_1526.jpg,/content/drive/MyDrive/Chicken1024/evaluation/IMG_1526.jpg,50457
F:\WeightPrediction\Images\evaluation\IMG_1527.jpg,,770,03/02/2025,evaluation,10.0,IMG_1527.jpg,/content/drive/MyDrive/Chicken1024/evaluation/IMG_1527.jpg,50423
F:\WeightPrediction\Images\evaluation\IMG_1557.jpg,,820,03/02/2025,evaluation,17.0,IMG_1557.jpg,/content/drive/MyDrive/Chicken1024/evaluation/IMG_1557.jpg,51345
F:\WeightPrediction\Images\evaluation\IMG_1554.jpg,,820,03/02/2025,evaluation,17.0,IMG_1554.jpg,/content/drive/MyDrive/Chicken1024/evaluation/IMG_1554.jpg,51701
F:\WeightPrediction\Images\evaluation\IMG_1555.jpg,,820,03/02/2025,evaluation,17.0,IMG_1555.jpg,/content/drive/MyDrive/Chicken1024/evaluation/IMG_1555.jpg,51114
F:\WeightPrediction\Images\evaluation\IMG_1556.jpg,,820,03/02/2025,evaluation,17.0,IMG_1556.jpg,/content/drive/MyDrive/Chicken1024/evaluation/IMG_1556.jpg,51300
F:\WeightPrediction\Images\evaluation\IMG_1572.jpg,,695,03/02/2025,evaluation,21.0,IMG_1572.jpg,/content/drive/MyDrive/Chicken1024/evaluation/IMG_1572.jpg,48817
F:\WeightPrediction\Images\evaluation\IMG_1573.jpg,,695,03/02/2025,evaluation,21.0,IMG_1573.jpg,/content/drive/MyDrive/Chicken1024/evaluation/IMG_1573.jpg,48386
F:\WeightPrediction\Images\evaluation\IMG_1570.jpg,,695,03/02/2025,evaluation,21.0,IMG_1570.jpg,/content/drive/MyDrive/Chicken1024/evaluation/IMG_1570.jpg,49920
F:\WeightPrediction\Images\evaluation\IMG_1571.jpg,,695,03/02/2025,evaluation,21.0,IMG_1571.jpg,/content/drive/MyDrive/Chicken1024/evaluation/IMG_1571.jpg,48778
F:\WeightPrediction\Images\evaluation\IMG_1589.jpg,,780,04/02/2025,evaluation,4.0,IMG_1589.jpg,/content/drive/MyDrive/Chicken1024/evaluation/IMG_1589.jpg,54441
F:\WeightPrediction\Images\evaluation\IMG_1586.jpg,,780,04/02/2025,evaluation,4.0,IMG_1586.jpg,/content/drive/MyDrive/Chicken1024/evaluation/IMG_1586.jpg,59369
F:\WeightPrediction\Images\evaluation\IMG_1587.jpg,,780,04/02/2025,evaluation,4.0,IMG_1587.jpg,/content/drive/MyDrive/Chicken1024/evaluation/IMG_1587.jpg,58772
F:\WeightPrediction\Images\evaluation\IMG_1588.jpg,,780,04/02/2025,evaluation,4.0,IMG_1588.jpg,/content/drive/MyDrive/Chicken1024/evaluation/IMG_1588.jpg,56345
F:\WeightPrediction\Images\evaluation\IMG_1640.jpg,,805,04/02/2025,evaluation,17.0,IMG_1640.jpg,/content/drive/MyDrive/Chicken1024/evaluation/IMG_1640.jpg,54927
F:\WeightPrediction\Images\evaluation\IMG_1641.jpg,,805,04/02/2025,evaluation,17.0,IMG_1641.jpg,/content/drive/MyDrive/Chicken1024/evaluation/IMG_1641.jpg,54533
F:\WeightPrediction\Images\evaluation\IMG_1638.jpg,,805,04/02/2025,evaluation,17.0,IMG_1638.jpg,/content/drive/MyDrive/Chicken1024/evaluation/IMG_1638.jpg,56818
F:\WeightPrediction\Images\evaluation\IMG_1639.jpg,,805,04/02/2025,evaluation,17.0,IMG_1639.jpg,/content/drive/MyDrive/Chicken1024/evaluation/IMG_1639.jpg,56188
F:\WeightPrediction\Images\evaluation\IMG_1686.jpg,,805,05/02/2025,evaluation,8.0,IMG_1686.jpg,/content/drive/MyDrive/Chicken1024/evaluation/IMG_1686.jpg,48989
F:\WeightPrediction\Images\evaluation\IMG_1687.jpg,,805,05/02/2025,evaluation,8.0,IMG_1687.jpg,/content/drive/MyDrive/Chicken1024/evaluation/IMG_1687.jpg,51011
F:\WeightPrediction\Images\evaluation\IMG_1688.jpg,,805,05/02/2025,evaluation,8.0,IMG_1688.jpg,/content/drive/MyDrive/Chicken1024/evaluation/IMG_1688.jpg,52411
F:\WeightPrediction\Images\evaluation\IMG_1689.jpg,,805,05/02/2025,evaluation,8.0,IMG_1689.jpg,/content/drive/MyDrive/Chicken1024/evaluation/IMG_1689.jpg,50586
F:\WeightPrediction\Images\evaluation\IMG_1706.jpg,,920,05/02/2025,evaluation,13.0,IMG_1706.jpg,/content/drive/MyDrive/Chicken1024/evaluation/IMG_1706.jpg,63204
F:\WeightPrediction\Images\evaluation\IMG_1707.jpg,,920,05/02/2025,evaluation,13.0,IMG_1707.jpg,/content/drive/MyDrive/Chicken1024/evaluation/IMG_1707.jpg,62512
F:\WeightPrediction\Images\evaluation\IMG_1708.jpg,,920,05/02/2025,evaluation,13.0,IMG_1708.jpg,/content/drive/MyDrive/Chicken1024/evaluation/IMG_1708.jpg,63931
F:\WeightPrediction\Images\evaluation\IMG_1709.jpg,,920,05/02/2025,evaluation,13.0,IMG_1709.jpg,/content/drive/MyDrive/Chicken1024/evaluation/IMG_1709.jpg,64126
F:\WeightPrediction\Images\evaluation\IMG_1722.jpg,,905,05/02/2025,evaluation,17.0,IMG_1722.jpg,/content/drive/MyDrive/Chicken1024/evaluation/IMG_1722.jpg,51561
F:\WeightPrediction\Images\evaluation\IMG_1723.jpg,,905,05/02/2025,evaluation,17.0,IMG_1723.jpg,/content/drive/MyDrive/Chicken1024/evaluation/IMG_1723.jpg,50632
F:\WeightPrediction\Images\evaluation\IMG_1724.jpg,,905,05/02/2025,evaluation,17.0,IMG_1724.jpg,/content/drive/MyDrive/Chicken1024/evaluation/IMG_1724.jpg,52976
F:\WeightPrediction\Images\evaluation\IMG_1725.jpg,,905,05/02/2025,evaluation,17.0,IMG_1725.jpg,/content/drive/MyDrive/Chicken1024/evaluation/IMG_1725.jpg,53348
F:\WeightPrediction\Images\evaluation\IMG_1765.jpg,,885,06/02/2025,evaluation,6.0,IMG_1765.jpg,/content/drive/MyDrive/Chicken1024/evaluation/IMG_1765.jpg,62006
F:\WeightPrediction\Images\evaluation\IMG_1762.jpg,,885,06/02/2025,evaluation,6.0,IMG_1762.jpg,/content/drive/MyDrive/Chicken1024/evaluation/IMG_1762.jpg,62417
F:\WeightPrediction\Images\evaluation\IMG_1763.jpg,,885,06/02/2025,evaluation,6.0,IMG_1763.jpg,/content/drive/MyDrive/Chicken1024/evaluation/IMG_1763.jpg,61339
F:\WeightPrediction\Images\evaluation\IMG_1764.jpg,,885,06/02/2025,evaluation,6.0,IMG_1764.jpg,/content/drive/MyDrive/Chicken1024/evaluation/IMG_1764.jpg,61911
F:\WeightPrediction\Images\evaluation\IMG_1853.jpg,,1180,07/02/2025,evaluation,7.0,IMG_1853.jpg,/content/drive/MyDrive/Chicken1024/evaluation/IMG_1853.jpg,73050
F:\WeightPrediction\Images\evaluation\IMG_1850.jpg,,1180,07/02/2025,evaluation,7.0,IMG_1850.jpg,/content/drive/MyDrive/Chicken1024/evaluation/IMG_1850.jpg,72363
F:\WeightPrediction\Images\evaluation\IMG_1851.jpg,,1180,07/02/2025,evaluation,7.0,IMG_1851.jpg,/content/drive/MyDrive/Chicken1024/evaluation/IMG_1851.jpg,72698
F:\WeightPrediction\Images\evaluation\IMG_1852.jpg,,1180,07/02/2025,evaluation,7.0,IMG_1852.jpg,/content/drive/MyDrive/Chicken1024/evaluation/IMG_1852.jpg,74310
F:\WeightPrediction\Images\evaluation\IMG_1881.jpg,,980,07/02/2025,evaluation,14.0,IMG_1881.jpg,/content/drive/MyDrive/Chicken1024/evaluation/IMG_1881.jpg,67856
F:\WeightPrediction\Images\evaluation\IMG_1878.jpg,,980,07/02/2025,evaluation,14.0,IMG_1878.jpg,/content/drive/MyDrive/Chicken1024/evaluation/IMG_1878.jpg,66771
F:\WeightPrediction\Images\evaluation\IMG_1879.jpg,,980,07/02/2025,evaluation,14.0,IMG_1879.jpg,/content/drive/MyDrive/Chicken1024/evaluation/IMG_1879.jpg,65882
F:\WeightPrediction\Images\evaluation\IMG_1880.jpg,,980,07/02/2025,evaluation,14.0,IMG_1880.jpg,/content/drive/MyDrive/Chicken1024/evaluation/IMG_1880.jpg,67081
F:\WeightPrediction\Images\evaluation\IMG_1909.jpg,,1310,08/02/2025,evaluation,1.0,IMG_1909.jpg,/content/drive/MyDrive/Chicken1024/evaluation/IMG_1909.jpg,83335
F:\WeightPrediction\Images\evaluation\IMG_1908.jpg,,1310,08/02/2025,evaluation,1.0,IMG_1908.jpg,/content/drive/MyDrive/Chicken1024/evaluation/IMG_1908.jpg,82693
F:\WeightPrediction\Images\evaluation\IMG_1907.jpg,,1310,08/02/2025,evaluation,1.0,IMG_1907.jpg,/content/drive/MyDrive/Chicken1024/evaluation/IMG_1907.jpg,82998
F:\WeightPrediction\Images\evaluation\IMG_1906.jpg,,1310,08/02/2025,evaluation,1.0,IMG_1906.jpg,/content/drive/MyDrive/Chicken1024/evaluation/IMG_1906.jpg,83112
F:\WeightPrediction\Images\evaluation\IMG_1974.jpg,,1170,08/02/2025,evaluation,18.0,IMG_1974.jpg,/content/drive/MyDrive/Chicken1024/evaluation/IMG_1974.jpg,74655
F:\WeightPrediction\Images\evaluation\IMG_1975.jpg,,1170,08/02/2025,evaluation,18.0,IMG_1975.jpg,/content/drive/MyDrive/Chicken1024/evaluation/IMG_1975.jpg,76512
F:\WeightPrediction\Images\evaluation\IMG_1976.jpg,,1170,08/02/2025,evaluation,18.0,IMG_1976.jpg,/content/drive/MyDrive/Chicken1024/evaluation/IMG_1976.jpg,73275
F:\WeightPrediction\Images\evaluation\IMG_1977.jpg,,1170,08/02/2025,evaluation,18.0,IMG_1977.jpg,/content/drive/MyDrive/Chicken1024/evaluation/IMG_1977.jpg,73013
F:\WeightPrediction\Images\evaluation\IMG_1985.jpg,,1270,08/02/2025,evaluation,20.0,IMG_1985.jpg,/content/drive/MyDrive/Chicken1024/evaluation/IMG_1985.jpg,84516
F:\WeightPrediction\Images\evaluation\IMG_1984.jpg,,1270,08/02/2025,evaluation,20.0,IMG_1984.jpg,/content/drive/MyDrive/Chicken1024/evaluation/IMG_1984.jpg,84491
F:\WeightPrediction\Images\evaluation\IMG_1983.jpg,,1270,08/02/2025,evaluation,20.0,IMG_1983.jpg,/content/drive/MyDrive/Chicken1024/evaluation/IMG_1983.jpg,81476
F:\WeightPrediction\Images\evaluation\IMG_1982.jpg,,1270,08/02/2025,evaluation,20.0,IMG_1982.jpg,/content/drive/MyDrive/Chicken1024/evaluation/IMG_1982.jpg,83590
F:\WeightPrediction\Images\evaluation\IMG_1993.jpg,,1220,09/02/2025,evaluation,2.0,IMG_1993.jpg,/content/drive/MyDrive/Chicken1024/evaluation/IMG_1993.jpg,76877
F:\WeightPrediction\Images\evaluation\IMG_1992.jpg,,1220,09/02/2025,evaluation,2.0,IMG_1992.jpg,/content/drive/MyDrive/Chicken1024/evaluation/IMG_1992.jpg,80544
F:\WeightPrediction\Images\evaluation\IMG_1991.jpg,,1220,09/02/2025,evaluation,2.0,IMG_1991.jpg,/content/drive/MyDrive/Chicken1024/evaluation/IMG_1991.jpg,80131
F:\WeightPrediction\Images\evaluation\IMG_1990.jpg,,1220,09/02/2025,evaluation,2.0,IMG_1990.jpg,/content/drive/MyDrive/Chicken1024/evaluation/IMG_1990.jpg,80124
F:\WeightPrediction\Images\evaluation\IMG_2001.jpg,,1390,09/02/2025,evaluation,4.0,IMG_2001.jpg,/content/drive/MyDrive/Chicken1024/evaluation/IMG_2001.jpg,91354
F:\WeightPrediction\Images\evaluation\IMG_2000.jpg,,1390,09/02/2025,evaluation,4.0,IMG_2000.jpg,/content/drive/MyDrive/Chicken1024/evaluation/IMG_2000.jpg,90332
F:\WeightPrediction\Images\evaluation\IMG_1999.jpg,,1390,09/02/2025,evaluation,4.0,IMG_1999.jpg,/content/drive/MyDrive/Chicken1024/evaluation/IMG_1999.jpg,89154
F:\WeightPrediction\Images\evaluation\IMG_1998.jpg,,1390,09/02/2025,evaluation,4.0,IMG_1998.jpg,/content/drive/MyDrive/Chicken1024/evaluation/IMG_1998.jpg,91697
F:\WeightPrediction\Images\evaluation\IMG_2033.jpg,,1070,09/02/2025,evaluation,12.0,IMG_2033.jpg,/content/drive/MyDrive/Chicken1024/evaluation/IMG_2033.jpg,75032
F:\WeightPrediction\Images\evaluation\IMG_2032.jpg,,1070,09/02/2025,evaluation,12.0,IMG_2032.jpg,/content/drive/MyDrive/Chicken1024/evaluation/IMG_2032.jpg,74724
F:\WeightPrediction\Images\evaluation\IMG_2031.jpg,,1070,09/02/2025,evaluation,12.0,IMG_2031.jpg,/content/drive/MyDrive/Chicken1024/evaluation/IMG_2031.jpg,73617
F:\WeightPrediction\Images\evaluation\IMG_2030.jpg,,1070,09/02/2025,evaluation,12.0,IMG_2030.jpg,/content/drive/MyDrive/Chicken1024/evaluation/IMG_2030.jpg,75769
F:\WeightPrediction\Images\evaluation\IMG_2077.jpg,,1400,10/02/2025,evaluation,3.0,IMG_2077.jpg,/content/drive/MyDrive/Chicken1024/evaluation/IMG_2077.jpg,79042
F:\WeightPrediction\Images\evaluation\IMG_2074.jpg,,1400,10/02/2025,evaluation,3.0,IMG_2074.jpg,/content/drive/MyDrive/Chicken1024/evaluation/IMG_2074.jpg,86106
F:\WeightPrediction\Images\evaluation\IMG_2075.jpg,,1400,10/02/2025,evaluation,3.0,IMG_2075.jpg,/content/drive/MyDrive/Chicken1024/evaluation/IMG_2075.jpg,80953
F:\WeightPrediction\Images\evaluation\IMG_2076.jpg,,1400,10/02/2025,evaluation,3.0,IMG_2076.jpg,/content/drive/MyDrive/Chicken1024/evaluation/IMG_2076.jpg,84040
F:\WeightPrediction\Images\evaluation\IMG_2101.jpg,,1390,10/02/2025,evaluation,9.0,IMG_2101.jpg,/content/drive/MyDrive/Chicken1024/evaluation/IMG_2101.jpg,83214
F:\WeightPrediction\Images\evaluation\IMG_2098.jpg,,1390,10/02/2025,evaluation,9.0,IMG_2098.jpg,/content/drive/MyDrive/Chicken1024/evaluation/IMG_2098.jpg,85203
F:\WeightPrediction\Images\evaluation\IMG_2099.jpg,,1390,10/02/2025,evaluation,9.0,IMG_2099.jpg,/content/drive/MyDrive/Chicken1024/evaluation/IMG_2099.jpg,83520
F:\WeightPrediction\Images\evaluation\IMG_2100.jpg,,1390,10/02/2025,evaluation,9.0,IMG_2100.jpg,/content/drive/MyDrive/Chicken1024/evaluation/IMG_2100.jpg,83393
F:\WeightPrediction\Images\evaluation\IMG_2105.jpg,,1215,10/02/2025,evaluation,10.0,IMG_2105.jpg,/content/drive/MyDrive/Chicken1024/evaluation/IMG_2105.jpg,68654
F:\WeightPrediction\Images\evaluation\IMG_2103.jpg,,1215,10/02/2025,evaluation,10.0,IMG_2103.jpg,/content/drive/MyDrive/Chicken1024/evaluation/IMG_2103.jpg,76772
F:\WeightPrediction\Images\evaluation\IMG_2104.jpg,,1215,10/02/2025,evaluation,10.0,IMG_2104.jpg,/content/drive/MyDrive/Chicken1024/evaluation/IMG_2104.jpg,66759
F:\WeightPrediction\Images\evaluation\IMG_2153.jpg,,1435,11/02/2025,evaluation,2.0,IMG_2153.jpg,/content/drive/MyDrive/Chicken1024/evaluation/IMG_2153.jpg,90134
F:\WeightPrediction\Images\evaluation\IMG_2152.jpg,,1435,11/02/2025,evaluation,2.0,IMG_2152.jpg,/content/drive/MyDrive/Chicken1024/evaluation/IMG_2152.jpg,89642
F:\WeightPrediction\Images\evaluation\IMG_2151.jpg,,1435,11/02/2025,evaluation,2.0,IMG_2151.jpg,/content/drive/MyDrive/Chicken1024/evaluation/IMG_2151.jpg,89155
F:\WeightPrediction\Images\evaluation\IMG_2150.jpg,,1435,11/02/2025,evaluation,2.0,IMG_2150.jpg,/content/drive/MyDrive/Chicken1024/evaluation/IMG_2150.jpg,93596
F:\WeightPrediction\Images\evaluation\IMG_2157.jpg,,1130,11/02/2025,evaluation,3.0,IMG_2157.jpg,/content/drive/MyDrive/Chicken1024/evaluation/IMG_2157.jpg,77117
F:\WeightPrediction\Images\evaluation\IMG_2156.jpg,,1130,11/02/2025,evaluation,3.0,IMG_2156.jpg,/content/drive/MyDrive/Chicken1024/evaluation/IMG_2156.jpg,75413
F:\WeightPrediction\Images\evaluation\IMG_2155.jpg,,1130,11/02/2025,evaluation,3.0,IMG_2155.jpg,/content/drive/MyDrive/Chicken1024/evaluation/IMG_2155.jpg,79079
F:\WeightPrediction\Images\evaluation\IMG_2154.jpg,,1130,11/02/2025,evaluation,3.0,IMG_2154.jpg,/content/drive/MyDrive/Chicken1024/evaluation/IMG_2154.jpg,80746
F:\WeightPrediction\Images\evaluation\IMG_2189.jpg,,1380,11/02/2025,evaluation,11.0,IMG_2189.jpg,/content/drive/MyDrive/Chicken1024/evaluation/IMG_2189.jpg,70719
F:\WeightPrediction\Images\evaluation\IMG_2188.jpg,,1380,11/02/2025,evaluation,11.0,IMG_2188.jpg,/content/drive/MyDrive/Chicken1024/evaluation/IMG_2188.jpg,69792
F:\WeightPrediction\Images\evaluation\IMG_2187.jpg,,1380,11/02/2025,evaluation,11.0,IMG_2187.jpg,/content/drive/MyDrive/Chicken1024/evaluation/IMG_2187.jpg,70766
F:\WeightPrediction\Images\evaluation\IMG_2186.jpg,,1380,11/02/2025,evaluation,11.0,IMG_2186.jpg,/content/drive/MyDrive/Chicken1024/evaluation/IMG_2186.jpg,71269
F:\WeightPrediction\Images\evaluation\IMG_2270.jpg,,1325,12/02/2025,evaluation,11.0,IMG_2270.jpg,/content/drive/MyDrive/Chicken1024/evaluation/IMG_2270.jpg,96632
F:\WeightPrediction\Images\evaluation\IMG_2271.jpg,,1325,12/02/2025,evaluation,11.0,IMG_2271.jpg,/content/drive/MyDrive/Chicken1024/evaluation/IMG_2271.jpg,96661
F:\WeightPrediction\Images\evaluation\IMG_2272.jpg,,1325,12/02/2025,evaluation,11.0,IMG_2272.jpg,/content/drive/MyDrive/Chicken1024/evaluation/IMG_2272.jpg,95141
F:\WeightPrediction\Images\evaluation\IMG_2273.jpg,,1325,12/02/2025,evaluation,11.0,IMG_2273.jpg,/content/drive/MyDrive/Chicken1024/evaluation/IMG_2273.jpg,88953
F:\WeightPrediction\Images\evaluation\IMG_2281.jpg,,1315,12/02/2025,evaluation,13.0,IMG_2281.jpg,/content/drive/MyDrive/Chicken1024/evaluation/IMG_2281.jpg,89193
F:\WeightPrediction\Images\evaluation\IMG_2278.jpg,,1315,12/02/2025,evaluation,13.0,IMG_2278.jpg,/content/drive/MyDrive/Chicken1024/evaluation/IMG_2278.jpg,90741
F:\WeightPrediction\Images\evaluation\IMG_2279.jpg,,1315,12/02/2025,evaluation,13.0,IMG_2279.jpg,/content/drive/MyDrive/Chicken1024/evaluation/IMG_2279.jpg,89819
F:\WeightPrediction\Images\evaluation\IMG_2280.jpg,,1315,12/02/2025,evaluation,13.0,IMG_2280.jpg,/content/drive/MyDrive/Chicken1024/evaluation/IMG_2280.jpg,90518
F:\WeightPrediction\Images\evaluation\IMG_2326.jpg,,1400,13/02/2025,evaluation,5.0,IMG_2326.jpg,/content/drive/MyDrive/Chicken1024/evaluation/IMG_2326.jpg,86297
F:\WeightPrediction\Images\evaluation\IMG_2327.jpg,,1400,13/02/2025,evaluation,5.0,IMG_2327.jpg,/content/drive/MyDrive/Chicken1024/evaluation/IMG_2327.jpg,84986
F:\WeightPrediction\Images\evaluation\IMG_2328.jpg,,1400,13/02/2025,evaluation,5.0,IMG_2328.jpg,/content/drive/MyDrive/Chicken1024/evaluation/IMG_2328.jpg,85600
F:\WeightPrediction\Images\evaluation\IMG_2329.jpg,,1400,13/02/2025,evaluation,5.0,IMG_2329.jpg,/content/drive/MyDrive/Chicken1024/evaluation/IMG_2329.jpg,83615
F:\WeightPrediction\Images\evaluation\IMG_2330.jpg,,1835,13/02/2025,evaluation,6.0,IMG_2330.jpg,/content/drive/MyDrive/Chicken1024/evaluation/IMG_2330.jpg,105931
F:\WeightPrediction\Images\evaluation\IMG_2331.jpg,,1835,13/02/2025,evaluation,6.0,IMG_2331.jpg,/content/drive/MyDrive/Chicken1024/evaluation/IMG_2331.jpg,105930
F:\WeightPrediction\Images\evaluation\IMG_2332.jpg,,1835,13/02/2025,evaluation,6.0,IMG_2332.jpg,/content/drive/MyDrive/Chicken1024/evaluation/IMG_2332.jpg,105763
F:\WeightPrediction\Images\evaluation\IMG_2333.jpg,,1835,13/02/2025,evaluation,6.0,IMG_2333.jpg,/content/drive/MyDrive/Chicken1024/evaluation/IMG_2333.jpg,105890
F:\WeightPrediction\Images\evaluation\IMG_2375.jpg,,1510,13/02/2025,evaluation,17.0,IMG_2375.jpg,/content/drive/MyDrive/Chicken1024/evaluation/IMG_2375.jpg,99469
F:\WeightPrediction\Images\evaluation\IMG_2374.jpg,,1510,13/02/2025,evaluation,17.0,IMG_2374.jpg,/content/drive/MyDrive/Chicken1024/evaluation/IMG_2374.jpg,108235
F:\WeightPrediction\Images\evaluation\IMG_2385.jpg,,1635,13/02/2025,evaluation,19.0,IMG_2385.jpg,/content/drive/MyDrive/Chicken1024/evaluation/IMG_2385.jpg,103681
F:\WeightPrediction\Images\evaluation\IMG_2382.jpg,,1635,13/02/2025,evaluation,19.0,IMG_2382.jpg,/content/drive/MyDrive/Chicken1024/evaluation/IMG_2382.jpg,106798
F:\WeightPrediction\Images\evaluation\IMG_2383.jpg,,1635,13/02/2025,evaluation,19.0,IMG_2383.jpg,/content/drive/MyDrive/Chicken1024/evaluation/IMG_2383.jpg,102266
F:\WeightPrediction\Images\evaluation\IMG_2384.jpg,,1635,13/02/2025,evaluation,19.0,IMG_2384.jpg,/content/drive/MyDrive/Chicken1024/evaluation/IMG_2384.jpg,100300
F:\WeightPrediction\Images\evaluation\IMG_2393.jpg,,1900,14/02/2025,evaluation,1.0,IMG_2393.jpg,/content/drive/MyDrive/Chicken1024/evaluation/IMG_2393.jpg,104795
F:\WeightPrediction\Images\evaluation\IMG_2390.jpg,,1900,14/02/2025,evaluation,1.0,IMG_2390.jpg,/content/drive/MyDrive/Chicken1024/evaluation/IMG_2390.jpg,108262
F:\WeightPrediction\Images\evaluation\IMG_2391.jpg,,1900,14/02/2025,evaluation,1.0,IMG_2391.jpg,/content/drive/MyDrive/Chicken1024/evaluation/IMG_2391.jpg,108631
F:\WeightPrediction\Images\evaluation\IMG_2392.jpg,,1900,14/02/2025,evaluation,1.0,IMG_2392.jpg,/content/drive/MyDrive/Chicken1024/evaluation/IMG_2392.jpg,106101
F:\WeightPrediction\Images\evaluation\IMG_2395.jpg,,1595,14/02/2025,evaluation,2.0,IMG_2395.jpg,/content/drive/MyDrive/Chicken1024/evaluation/IMG_2395.jpg,105517
F:\WeightPrediction\Images\evaluation\IMG_2396.jpg,,1595,14/02/2025,evaluation,2.0,IMG_2396.jpg,/content/drive/MyDrive/Chicken1024/evaluation/IMG_2396.jpg,98989
F:\WeightPrediction\Images\evaluation\IMG_2397.jpg,,1595,14/02/2025,evaluation,2.0,IMG_2397.jpg,/content/drive/MyDrive/Chicken1024/evaluation/IMG_2397.jpg,92336
F:\WeightPrediction\Images\evaluation\IMG_2465.jpg,,1665,14/02/2025,evaluation,19.0,IMG_2465.jpg,/content/drive/MyDrive/Chicken1024/evaluation/IMG_2465.jpg,88535
F:\WeightPrediction\Images\evaluation\IMG_2462.jpg,,1665,14/02/2025,evaluation,19.0,IMG_2462.jpg,/content/drive/MyDrive/Chicken1024/evaluation/IMG_2462.jpg,92575
F:\WeightPrediction\Images\evaluation\IMG_2463.jpg,,1665,14/02/2025,evaluation,19.0,IMG_2463.jpg,/content/drive/MyDrive/Chicken1024/evaluation/IMG_2463.jpg,86225
F:\WeightPrediction\Images\evaluation\IMG_2464.jpg,,1665,14/02/2025,evaluation,19.0,IMG_2464.jpg,/content/drive/MyDrive/Chicken1024/evaluation/IMG_2464.jpg,87638
F:\WeightPrediction\Images\evaluation\IMG_2481.jpg,,1800,15/02/2025,evaluation,3.0,IMG_2481.jpg,/content/drive/MyDrive/Chicken1024/evaluation/IMG_2481.jpg,106954
F:\WeightPrediction\Images\evaluation\IMG_2478.jpg,,1800,15/02/2025,evaluation,3.0,IMG_2478.jpg,/content/drive/MyDrive/Chicken1024/evaluation/IMG_2478.jpg,116153
F:\WeightPrediction\Images\evaluation\IMG_2479.jpg,,1800,15/02/2025,evaluation,3.0,IMG_2479.jpg,/content/drive/MyDrive/Chicken1024/evaluation/IMG_2479.jpg,115911
F:\WeightPrediction\Images\evaluation\IMG_2480.jpg,,1800,15/02/2025,evaluation,3.0,IMG_2480.jpg,/content/drive/MyDrive/Chicken1024/evaluation/IMG_2480.jpg,109453
F:\WeightPrediction\Images\evaluation\IMG_2529.jpg,,1590,15/02/2025,evaluation,15.0,IMG_2529.jpg,/content/drive/MyDrive/Chicken1024/evaluation/IMG_2529.jpg,89889
F:\WeightPrediction\Images\evaluation\IMG_2526.jpg,,1590,15/02/2025,evaluation,15.0,IMG_2526.jpg,/content/drive/MyDrive/Chicken1024/evaluation/IMG_2526.jpg,106592
F:\WeightPrediction\Images\evaluation\IMG_2527.jpg,,1590,15/02/2025,evaluation,15.0,IMG_2527.jpg,/content/drive/MyDrive/Chicken1024/evaluation/IMG_2527.jpg,95948
F:\WeightPrediction\Images\evaluation\IMG_2528.jpg,,1590,15/02/2025,evaluation,15.0,IMG_2528.jpg,/content/drive/MyDrive/Chicken1024/evaluation/IMG_2528.jpg,93977
F:\WeightPrediction\Images\evaluation\IMG_2557.jpg,,2075,16/02/2025,evaluation,2.0,IMG_2557.jpg,/content/drive/MyDrive/Chicken1024/evaluation/IMG_2557.jpg,99835
F:\WeightPrediction\Images\evaluation\IMG_2556.jpg,,2075,16/02/2025,evaluation,2.0,IMG_2556.jpg,/content/drive/MyDrive/Chicken1024/evaluation/IMG_2556.jpg,98733
F:\WeightPrediction\Images\evaluation\IMG_2555.jpg,,2075,16/02/2025,evaluation,2.0,IMG_2555.jpg,/content/drive/MyDrive/Chicken1024/evaluation/IMG_2555.jpg,97610
F:\WeightPrediction\Images\evaluation\IMG_2554.jpg,,2075,16/02/2025,evaluation,2.0,IMG_2554.jpg,/content/drive/MyDrive/Chicken1024/evaluation/IMG_2554.jpg,102037
F:\WeightPrediction\Images\evaluation\IMG_2582.jpg,,1985,16/02/2025,evaluation,9.0,IMG_2582.jpg,/content/drive/MyDrive/Chicken1024/evaluation/IMG_2582.jpg,122217
F:\WeightPrediction\Images\evaluation\IMG_2583.jpg,,1985,16/02/2025,evaluation,9.0,IMG_2583.jpg,/content/drive/MyDrive/Chicken1024/evaluation/IMG_2583.jpg,121365
F:\WeightPrediction\Images\evaluation\IMG_2584.jpg,,1985,16/02/2025,evaluation,9.0,IMG_2584.jpg,/content/drive/MyDrive/Chicken1024/evaluation/IMG_2584.jpg,114926
F:\WeightPrediction\Images\evaluation\IMG_2585.jpg,,1985,16/02/2025,evaluation,9.0,IMG_2585.jpg,/content/drive/MyDrive/Chicken1024/evaluation/IMG_2585.jpg,108750
F:\WeightPrediction\Images\evaluation\IMG_2605.jpg,,1900,16/02/2025,evaluation,14.0,IMG_2605.jpg,/content/drive/MyDrive/Chicken1024/evaluation/IMG_2605.jpg,112950
F:\WeightPrediction\Images\evaluation\IMG_2602.jpg,,1900,16/02/2025,evaluation,14.0,IMG_2602.jpg,/content/drive/MyDrive/Chicken1024/evaluation/IMG_2602.jpg,109422
F:\WeightPrediction\Images\evaluation\IMG_2603.jpg,,1900,16/02/2025,evaluation,14.0,IMG_2603.jpg,/content/drive/MyDrive/Chicken1024/evaluation/IMG_2603.jpg,107506
F:\WeightPrediction\Images\evaluation\IMG_2604.jpg,,1900,16/02/2025,evaluation,14.0,IMG_2604.jpg,/content/drive/MyDrive/Chicken1024/evaluation/IMG_2604.jpg,107794
F:\WeightPrediction\Images\evaluation\IMG_2634.jpg,,1820,17/02/2025,evaluation,1.0,IMG_2634.jpg,/content/drive/MyDrive/Chicken1024/evaluation/IMG_2634.jpg,110561
F:\WeightPrediction\Images\evaluation\IMG_2637.jpg,,1820,17/02/2025,evaluation,1.0,IMG_2637.jpg,/content/drive/MyDrive/Chicken1024/evaluation/IMG_2637.jpg,107782
F:\WeightPrediction\Images\evaluation\IMG_2636.jpg,,1820,17/02/2025,evaluation,1.0,IMG_2636.jpg,/content/drive/MyDrive/Chicken1024/evaluation/IMG_2636.jpg,110911
F:\WeightPrediction\Images\evaluation\IMG_2662.jpg,,1925,17/02/2025,evaluation,8.0,IMG_2662.jpg,/content/drive/MyDrive/Chicken1024/evaluation/IMG_2662.jpg,118411
F:\WeightPrediction\Images\evaluation\IMG_2663.jpg,,1925,17/02/2025,evaluation,8.0,IMG_2663.jpg,/content/drive/MyDrive/Chicken1024/evaluation/IMG_2663.jpg,116775
F:\WeightPrediction\Images\evaluation\IMG_2664.jpg,,1925,17/02/2025,evaluation,8.0,IMG_2664.jpg,/content/drive/MyDrive/Chicken1024/evaluation/IMG_2664.jpg,115384
F:\WeightPrediction\Images\evaluation\IMG_2665.jpg,,1925,17/02/2025,evaluation,8.0,IMG_2665.jpg,/content/drive/MyDrive/Chicken1024/evaluation/IMG_2665.jpg,116692
F:\WeightPrediction\Images\evaluation\IMG_2673.jpg,,1835,17/02/2025,evaluation,10.0,IMG_2673.jpg,/content/drive/MyDrive/Chicken1024/evaluation/IMG_2673.jpg,113795
F:\WeightPrediction\Images\evaluation\IMG_2670.jpg,,1835,17/02/2025,evaluation,10.0,IMG_2670.jpg,/content/drive/MyDrive/Chicken1024/evaluation/IMG_2670.jpg,115390
F:\WeightPrediction\Images\evaluation\IMG_2671.jpg,,1835,17/02/2025,evaluation,10.0,IMG_2671.jpg,/content/drive/MyDrive/Chicken1024/evaluation/IMG_2671.jpg,113174
F:\WeightPrediction\Images\evaluation\IMG_2672.jpg,,1835,17/02/2025,evaluation,10.0,IMG_2672.jpg,/content/drive/MyDrive/Chicken1024/evaluation/IMG_2672.jpg,118066
F:\WeightPrediction\Images\evaluation\IMG_2733.jpg,,2340,18/02/2025,evaluation,4.0,IMG_2733.jpg,/content/drive/MyDrive/Chicken1024/evaluation/IMG_2733.jpg,111580
F:\WeightPrediction\Images\evaluation\IMG_2730.jpg,,2340,18/02/2025,evaluation,4.0,IMG_2730.jpg,/content/drive/MyDrive/Chicken1024/evaluation/IMG_2730.jpg,111419
F:\WeightPrediction\Images\evaluation\IMG_2731.jpg,,2340,18/02/2025,evaluation,4.0,IMG_2731.jpg,/content/drive/MyDrive/Chicken1024/evaluation/IMG_2731.jpg,110740
F:\WeightPrediction\Images\evaluation\IMG_2732.jpg,,2340,18/02/2025,evaluation,4.0,IMG_2732.jpg,/content/drive/MyDrive/Chicken1024/evaluation/IMG_2732.jpg,111352
F:\WeightPrediction\Images\evaluation\IMG_2741.jpg,,2440,18/02/2025,evaluation,6.0,IMG_2741.jpg,/content/drive/MyDrive/Chicken1024/evaluation/IMG_2741.jpg,143765
F:\WeightPrediction\Images\evaluation\IMG_2738.jpg,,2440,18/02/2025,evaluation,6.0,IMG_2738.jpg,/content/drive/MyDrive/Chicken1024/evaluation/IMG_2738.jpg,140651
F:\WeightPrediction\Images\evaluation\IMG_2739.jpg,,2440,18/02/2025,evaluation,6.0,IMG_2739.jpg,/content/drive/MyDrive/Chicken1024/evaluation/IMG_2739.jpg,138707
F:\WeightPrediction\Images\evaluation\IMG_2740.jpg,,2440,18/02/2025,evaluation,6.0,IMG_2740.jpg,/content/drive/MyDrive/Chicken1024/evaluation/IMG_2740.jpg,140554
F:\WeightPrediction\Images\evaluation\IMG_2781.jpg,,2270,18/02/2025,evaluation,16.0,IMG_2781.jpg,/content/drive/MyDrive/Chicken1024/evaluation/IMG_2781.jpg,109158
F:\WeightPrediction\Images\evaluation\IMG_2778.jpg,,2270,18/02/2025,evaluation,16.0,IMG_2778.jpg,/content/drive/MyDrive/Chicken1024/evaluation/IMG_2778.jpg,110108
F:\WeightPrediction\Images\evaluation\IMG_2779.jpg,,2270,18/02/2025,evaluation,16.0,IMG_2779.jpg,/content/drive/MyDrive/Chicken1024/evaluation/IMG_2779.jpg,111245
F:\WeightPrediction\Images\evaluation\IMG_2780.jpg,,2270,18/02/2025,evaluation,16.0,IMG_2780.jpg,/content/drive/MyDrive/Chicken1024/evaluation/IMG_2780.jpg,110000
F:\WeightPrediction\Images\evaluation\IMG_3406.jpg,,235,07/01/2026,evaluation,2.0,IMG_3406.jpg,/content/drive/MyDrive/Chicken1024/evaluation/IMG_3406.jpg,24077
F:\WeightPrediction\Images\evaluation\IMG_3403.jpg,,235,07/01/2026,evaluation,2.0,IMG_3403.jpg,/content/drive/MyDrive/Chicken1024/evaluation/IMG_3403.jpg,24757
F:\WeightPrediction\Images\evaluation\IMG_3404.jpg,,235,07/01/2026,evaluation,2.0,IMG_3404.jpg,/content/drive/MyDrive/Chicken1024/evaluation/IMG_3404.jpg,24339
F:\WeightPrediction\Images\evaluation\IMG_3405.jpg,,235,07/01/2026,evaluation,2.0,IMG_3405.jpg,/content/drive/MyDrive/Chicken1024/evaluation/IMG_3405.jpg,24054
F:\WeightPrediction\Images\evaluation\IMG_3407.jpg,,295,07/01/2026,evaluation,3.0,IMG_3407.jpg,/content/drive/MyDrive/Chicken1024/evaluation/IMG_3407.jpg,26710
F:\WeightPrediction\Images\evaluation\IMG_3408.jpg,,295,07/01/2026,evaluation,3.0,IMG_3408.jpg,/content/drive/MyDrive/Chicken1024/evaluation/IMG_3408.jpg,26304
F:\WeightPrediction\Images\evaluation\IMG_3409.jpg,,295,07/01/2026,evaluation,3.0,IMG_3409.jpg,/content/drive/MyDrive/Chicken1024/evaluation/IMG_3409.jpg,25581
F:\WeightPrediction\Images\evaluation\IMG_3410.jpg,,295,07/01/2026,evaluation,3.0,IMG_3410.jpg,/content/drive/MyDrive/Chicken1024/evaluation/IMG_3410.jpg,25597
F:\WeightPrediction\Images\evaluation\IMG_3435.jpg,,250,07/01/2026,evaluation,10.0,IMG_3435.jpg,/content/drive/MyDrive/Chicken1024/evaluation/IMG_3435.jpg,23932
F:\WeightPrediction\Images\evaluation\IMG_3436.jpg,,250,07/01/2026,evaluation,10.0,IMG_3436.jpg,/content/drive/MyDrive/Chicken1024/evaluation/IMG_3436.jpg,22529
F:\WeightPrediction\Images\evaluation\IMG_3437.jpg,,250,07/01/2026,evaluation,10.0,IMG_3437.jpg,/content/drive/MyDrive/Chicken1024/evaluation/IMG_3437.jpg,22652
F:\WeightPrediction\Images\evaluation\IMG_3438.jpg,,250,07/01/2026,evaluation,10.0,IMG_3438.jpg,/content/drive/MyDrive/Chicken1024/evaluation/IMG_3438.jpg,22647
F:\WeightPrediction\Images\evaluation\IMG_3483.jpg,,295,07/01/2026,evaluation,21.0,IMG_3483.jpg,/content/drive/MyDrive/Chicken1024/evaluation/IMG_3483.jpg,28378
F:\WeightPrediction\Images\evaluation\IMG_3484.jpg,,295,07/01/2026,evaluation,21.0,IMG_3484.jpg,/content/drive/MyDrive/Chicken1024/evaluation/IMG_3484.jpg,28370
F:\WeightPrediction\Images\evaluation\IMG_3485.jpg,,295,07/01/2026,evaluation,21.0,IMG_3485.jpg,/content/drive/MyDrive/Chicken1024/evaluation/IMG_3485.jpg,27382
F:\WeightPrediction\Images\evaluation\IMG_3486.jpg,,295,07/01/2026,evaluation,21.0,IMG_3486.jpg,/content/drive/MyDrive/Chicken1024/evaluation/IMG_3486.jpg,27056
